{"cameraMode":{"drawMode":0,"name":"Shaded","section":"Shading Mode"},"sceneLighting":true,"audioPlay":false,"sceneViewState":{"m_AlwaysRefresh":false,"showFog":true,"showSkybox":true,"showFlares":true,"showImageEffects":true,"showParticleSystems":true,"showVisualEffectGraphs":true,"m_FxEnabled":true},"in2DMode":false,"pivot":{"x":16.06871795654297,"y":0.4578464925289154,"z":-13.820435523986817},"rotation":{"x":0.007640996016561985,"y":-0.9678918123245239,"z":0.24952584505081178,"w":0.029632728546857835},"size":95.30265808105469,"orthographic":true}