{"cameraMode":{"drawMode":0,"name":"Shaded","section":"Shading Mode"},"sceneLighting":true,"audioPlay":false,"sceneViewState":{"m_AlwaysRefresh":false,"showFog":true,"showSkybox":true,"showFlares":true,"showImageEffects":true,"showParticleSystems":true,"showVisualEffectGraphs":true,"m_FxEnabled":true},"in2DMode":false,"pivot":{"x":1.9500203132629395,"y":4.079578399658203,"z":3.958936929702759},"rotation":{"x":-0.04355180636048317,"y":0.9560249447822571,"z":-0.21912212669849397,"w":-0.19001570343971253},"size":0.19739659130573274,"orthographic":false}